GroupID,GroupName,CreatedDate,CreatedBy
1,King Ltd,2023-03-16,2065
2,"Farley, Green and Davis",2023-02-12,1488
3,Pena-Ramirez,2023-05-13,2346
4,Parker-Moore,2024-03-06,2641
5,Phillips LLC,2024-03-11,1051
6,Wilson PLC,2023-02-25,2044
7,Hughes LLC,2023-07-27,4279
8,Murphy Ltd,2023-04-14,3588
9,Baker-Allen,2024-04-08,3404
10,Wheeler-Lowe,2024-04-14,1608
11,Miller Ltd,2024-08-02,4516
12,"Garcia, Patterson and Lee",2023-09-07,4900
13,Romero Ltd,2024-08-25,4535
14,Hernandez-Pena,2024-02-07,1021
15,"Pierce, Torres and Moore",2023-01-26,523
16,Taylor-Perry,2024-12-19,571
17,"Carr, Gomez and Johnson",2023-01-10,4810
18,Arroyo-Duarte,2024-09-01,3340
19,"Gallegos, Brown and Brooks",2024-09-05,4209
20,Pacheco-Singleton,2024-05-11,2453
21,Ortega and Sons,2024-02-14,3474
22,Johnson LLC,2023-05-16,3186
23,Kirk-Tate,2023-08-09,847
24,White-Johnson,2024-06-27,3393
25,Blevins-Martin,2023-10-04,1335
26,"Byrd, Long and Ferguson",2023-04-06,2898
27,Morrow-Hall,2024-03-14,1912
28,Castaneda Ltd,2024-05-22,300
29,Jenkins Group,2024-11-18,4959
30,Greene LLC,2024-09-06,1086
31,Marshall Ltd,2023-07-06,84
32,"Taylor, Daniel and Holmes",2023-02-06,4057
33,Herman-Reed,2023-07-29,1377
34,"Parker, Clark and Carpenter",2024-02-19,1693
35,Garrett-Gamble,2023-05-11,3575
36,Doyle-Taylor,2023-04-08,924
37,"Riley, Burgess and Taylor",2024-03-18,4986
38,Martinez-Berry,2024-06-28,1499
39,Snyder Ltd,2023-02-05,2027
40,"Bush, Wilson and Hughes",2024-05-29,4599
41,Jones-Carter,2024-10-04,3871
42,Rios-Mathews,2023-08-08,4790
43,Cameron and Sons,2023-12-28,2147
44,Zimmerman Ltd,2024-11-24,1726
45,Cortez-Anderson,2023-01-28,2811
46,Morris-Hopkins,2024-06-21,2295
47,"Stephens, Mahoney and Shannon",2024-10-30,2313
48,Kelley-Calderon,2024-06-05,1593
49,Rivas-Wilson,2023-04-19,425
50,Jimenez-Bauer,2024-08-30,4891
51,Campbell-Lindsey,2024-10-19,2372
52,Becker-Miller,2023-06-30,2840
53,Santiago-Garcia,2023-07-29,4944
54,Snyder and Sons,2023-12-08,62
55,Lee-Roberts,2024-10-18,3559
56,"Rodriguez, Williams and Martinez",2023-02-18,1785
57,Hall Group,2024-04-17,2917
58,Whitehead-Jacobs,2024-10-27,3445
59,Gibson and Sons,2023-11-25,515
60,Lester Ltd,2024-07-09,4844
61,Terry Ltd,2023-08-24,4713
62,Jackson-Rubio,2024-03-16,99
63,Phillips-Gonzalez,2023-05-01,323
64,"Lester, Gomez and Adams",2023-09-05,2640
65,"Taylor, Rice and Williams",2024-06-02,4251
66,Walker-Fuller,2023-01-20,4638
67,Phillips-Norman,2024-11-26,3683
68,"Mullins, Gonzalez and Golden",2024-05-17,4242
69,"Carter, Mendez and Williams",2023-12-30,2974
70,Novak-Ramirez,2024-05-03,1498
71,Thomas-Reynolds,2023-07-19,4960
72,Davis Inc,2024-02-07,2750
73,Perkins LLC,2023-09-02,4885
74,"Frost, Mcintyre and Patton",2024-04-27,1932
75,"Acosta, Humphrey and Sanchez",2024-07-29,4353
76,Clayton-Price,2024-10-26,439
77,Cole-Schmidt,2023-01-17,537
78,Stout-White,2023-02-08,2223
79,Adams PLC,2024-10-26,713
80,Mays Inc,2023-10-22,2539
81,Scott-Morris,2023-02-08,4315
82,Hutchinson PLC,2023-07-06,4153
83,"Rojas, Castro and Shah",2023-11-05,4839
84,Robinson LLC,2023-12-28,2767
85,"Ortega, Stevens and Hughes",2024-04-06,990
86,Ramirez-Miller,2024-10-30,4068
87,Johnson-Case,2023-08-19,302
88,"Webster, Martinez and Levine",2024-12-06,1013
89,Ramirez Ltd,2023-09-07,3651
90,"Poole, Cruz and Baxter",2023-01-02,247
91,Davis-Edwards,2024-04-19,2064
92,Young-Johnston,2024-10-14,1359
93,Durham-Russell,2023-07-01,4307
94,"Adams, Taylor and Kennedy",2023-01-02,1610
95,Cherry and Sons,2023-06-19,3602
96,Mcbride PLC,2023-09-27,1046
97,"Dixon, Lopez and Burnett",2023-11-03,4215
98,Curtis Group,2023-02-18,1552
99,"Chan, Winters and Macias",2024-02-26,3256
100,"Wyatt, Huynh and Lawson",2023-10-12,1539
101,"Reyes, Carter and Abbott",2024-01-15,1516
102,Villa-Brown,2024-05-18,4602
103,"Sanchez, Jones and Richards",2024-07-09,3707
104,"Scott, Dominguez and Cunningham",2024-07-25,1779
105,"Ibarra, Neal and Stanley",2023-07-18,437
106,"Vargas, Anderson and Bartlett",2023-04-19,803
107,"Glover, Peterson and Matthews",2023-03-06,4199
108,"Johns, Thomas and Coffey",2024-11-15,4801
109,Benson LLC,2023-12-19,825
110,Bradford Group,2023-04-08,3806
111,"Charles, Simpson and Gonzalez",2023-05-09,304
112,"Horton, Patterson and Rodriguez",2023-09-25,494
113,Wallace-Olsen,2024-02-13,87
114,Henderson-Harmon,2023-03-28,3298
115,Sanchez Inc,2024-08-23,3320
116,Johnson-Thornton,2024-01-29,3577
117,Ball PLC,2024-03-25,3821
118,Harris PLC,2024-04-15,1050
119,"Jones, Frederick and Owens",2024-10-03,3602
120,"Taylor, Gonzales and Clark",2024-10-05,4227
121,Johnston Ltd,2023-04-20,4866
122,Howard Inc,2023-10-21,2984
123,Hicks Group,2023-08-03,3121
124,Green Inc,2023-11-08,4920
125,Hale LLC,2023-07-23,528
126,Warren LLC,2024-03-03,34
127,"Davis, Bird and Baker",2024-06-19,2080
128,"Taylor, Skinner and Potts",2023-04-03,10
129,Martin-Ramirez,2024-11-11,1728
130,"Chapman, Cunningham and Schmidt",2023-01-28,2779
131,"Smith, Ellis and Montoya",2023-11-14,3421
132,Sanchez Group,2024-02-03,3228
133,Watkins-Archer,2024-12-02,3099
134,"Bailey, Gonzalez and Moreno",2023-09-23,4045
135,"Cox, Mckee and Frazier",2023-10-12,1177
136,Smith Ltd,2023-03-04,4724
137,"Scott, Hicks and Johnson",2024-08-21,1274
138,Harris-Bell,2024-06-02,2477
139,"Potter, Ramos and Cordova",2024-10-28,3578
140,"Sanders, Rivera and Smith",2023-01-20,2342
141,Crane and Sons,2023-12-14,4540
142,Tran Inc,2023-02-19,4384
143,Perez-Richardson,2023-07-08,2354
144,Stanley-Harris,2023-03-08,3143
145,Nash-Jackson,2023-12-31,2211
146,Carey-Rowe,2023-07-21,2636
147,Mooney LLC,2023-04-09,3415
148,Kim-Walker,2024-10-22,2028
149,House-Mullins,2023-06-09,4727
150,"Walker, Hall and Kelley",2024-11-08,4895
151,Beard and Sons,2023-01-28,2000
152,Young-Leach,2024-04-10,4705
153,Zhang-Anderson,2024-11-30,1025
154,"Mann, Clements and Butler",2023-07-17,1622
155,Giles-Davis,2023-07-28,4572
156,"Osborne, Garcia and Peterson",2024-03-12,3012
157,Miller Ltd,2023-09-23,911
158,"Willis, Alvarado and Moore",2024-05-05,615
159,"Caldwell, Jones and Miller",2024-02-13,4081
160,"Stanley, King and Fuller",2023-09-14,4518
161,Mcdaniel-Meyer,2023-12-02,1005
162,"Hinton, Miranda and Roberts",2023-08-21,3223
163,"Morris, Valencia and Hood",2024-12-16,1016
164,"Simpson, Adams and Peterson",2023-03-14,3487
165,"Nelson, Scott and Stark",2023-01-13,7
166,"Clements, Arellano and Phillips",2024-08-05,3766
167,Perkins Inc,2024-05-19,3538
168,Chavez Group,2023-01-01,4200
169,Leonard-Carroll,2023-06-08,4051
170,Campbell-Hernandez,2024-05-23,2512
171,"Le, Walker and Jones",2024-04-27,3636
172,Lee Ltd,2023-08-04,2896
173,"Walker, Barber and Holmes",2023-07-14,3801
174,Smith Ltd,2023-11-08,3906
175,Russell and Sons,2024-02-07,2414
176,Johnson-Jones,2023-01-04,1917
177,Boyd LLC,2024-06-25,4278
178,Clark Ltd,2023-04-16,2291
179,"Green, Martin and Santos",2023-05-02,4316
180,Graham-Herring,2024-12-08,1892
181,Harris-Adams,2024-12-15,4131
182,"Lee, Jackson and Lawson",2023-09-24,3864
183,"Garcia, Knight and Gomez",2023-08-29,675
184,Martinez-Perry,2023-02-22,2910
185,Gilbert Group,2023-05-04,1901
186,"Smith, Mays and Chan",2023-03-29,3943
187,Garner Group,2023-11-06,4504
188,Reed-Oneal,2024-07-10,4100
189,Payne-Mckinney,2024-07-29,4457
190,"Moore, Cunningham and Buckley",2024-11-28,3038
191,Brown-Fuentes,2023-01-13,590
192,Jones Group,2023-07-28,1890
193,Odonnell and Sons,2024-03-10,2383
194,Richardson-Chan,2023-02-21,3363
195,"Schmidt, Sanchez and Nichols",2023-04-17,2333
196,"Sparks, Harper and Herrera",2024-06-04,1060
197,Brooks-Gonzalez,2024-09-15,3396
198,Wolf-Miller,2023-04-30,395
199,Schroeder-White,2023-03-08,567
200,Mcpherson-Garza,2023-03-23,1073
201,"Hernandez, Clark and Willis",2024-12-14,2511
202,Harvey-Rodriguez,2024-11-27,2403
203,Ward Group,2024-10-30,2103
204,Lane-Benson,2024-09-19,3384
205,Smith Inc,2023-04-24,4938
206,Sanders-Ward,2024-10-06,4356
207,Mercado PLC,2024-09-14,4973
208,Moran LLC,2024-03-29,915
209,Hines-David,2023-08-20,1112
210,Marshall LLC,2024-07-24,5000
211,Bates PLC,2024-07-15,3462
212,Shepard LLC,2023-11-12,3924
213,"Martinez, Young and Sims",2024-04-19,2318
214,"Ruiz, Hart and Miller",2024-01-06,966
215,"Herring, Ellis and Jacobs",2024-09-06,3532
216,Foster-Joseph,2024-10-25,1150
217,Johnson Inc,2024-06-16,2233
218,Bradley-Fisher,2023-09-15,365
219,King-Bowers,2024-12-23,3614
220,Rosales Ltd,2024-03-04,4816
221,"Vaughn, Campbell and Potter",2024-05-14,1032
222,Cole Group,2024-08-16,654
223,Peterson PLC,2023-01-10,3796
224,"Steele, Delgado and Decker",2024-11-07,3868
225,Thomas and Sons,2024-10-24,4087
226,"Sullivan, Moss and Hart",2024-11-15,3204
227,Vega PLC,2024-02-29,4419
228,Cunningham-Fitzpatrick,2024-07-30,2150
229,Jones-Burton,2024-05-26,4891
230,Wallace-Morales,2023-11-13,1490
231,Rush Ltd,2024-09-21,4840
232,"Moore, Hopkins and Zavala",2023-05-14,3875
233,Gillespie-Walker,2023-01-18,4984
234,"Bright, Gordon and Russo",2023-12-13,3639
235,Buchanan Inc,2024-01-03,1278
236,"Combs, Rodriguez and Brennan",2023-06-17,4823
237,Poole Group,2023-01-17,4907
238,Gutierrez-Meza,2024-06-05,4425
239,"Bishop, Smith and Estes",2024-05-21,3371
240,"Ware, Martin and Martinez",2024-04-18,2418
241,"Howard, Shaw and White",2024-06-26,3743
242,Cobb-Cooper,2024-12-27,259
243,Garcia-Pierce,2023-11-02,4473
244,Rosario and Sons,2024-01-14,145
245,"Snow, Thompson and Reyes",2023-12-06,3111
246,"Goodwin, Brown and Vargas",2023-05-31,2754
247,"Morales, Dyer and Long",2023-02-14,709
248,Stewart-Hunter,2023-07-26,246
249,Reed and Sons,2024-02-26,4429
250,"Jones, Santiago and Cortez",2023-05-19,1612
251,Harper LLC,2024-01-27,2813
252,Baker Group,2024-01-19,4374
253,Davis LLC,2024-12-26,1388
254,"Mcclure, Dawson and Friedman",2024-11-04,3524
255,"Moore, Dean and Rios",2024-03-24,1735
256,"Watson, Woods and Mason",2023-07-22,252
257,"Frost, Nguyen and Moran",2023-01-10,2944
258,Greene Ltd,2023-12-16,2006
259,Adams-Dean,2023-03-17,3314
260,Miller-Long,2023-08-05,1277
261,Brewer LLC,2023-10-19,1028
262,Cunningham Ltd,2023-01-04,1397
263,"Ball, Lowe and Ferguson",2024-01-13,1449
264,"Bullock, Pierce and King",2024-10-22,1203
265,Mendez-Sanchez,2024-12-01,12
266,"Wolf, Lloyd and Anderson",2024-08-28,1317
267,Todd-Tanner,2023-02-07,770
268,Owens-Benitez,2024-08-10,2307
269,"Harding, Cline and Sanchez",2023-10-22,4525
270,Mendoza-Morton,2023-03-30,1357
271,Lopez-Woods,2023-10-02,3184
272,"Ellis, Dixon and Hull",2024-05-28,1974
273,Tyler-Snow,2023-05-30,2254
274,White and Sons,2024-08-28,2270
275,"Wells, Price and Owens",2023-11-09,1037
276,Shepherd-Myers,2023-04-10,2553
277,James-Nguyen,2023-09-16,2649
278,"Mcconnell, Smith and Ortiz",2023-10-06,1755
279,Martin PLC,2023-01-04,3287
280,Andrews and Sons,2024-02-16,4039
281,Bradshaw Group,2024-08-12,4618
282,Stone-Salazar,2024-12-10,3801
283,Rose PLC,2023-11-22,1145
284,"Bruce, Hatfield and Peters",2024-11-07,1699
285,"Jones, Vargas and Cohen",2024-06-02,2353
286,Larsen Inc,2023-01-01,220
287,"Paul, Martinez and Tran",2024-08-22,1633
288,"Galvan, Rodriguez and Santiago",2024-02-22,611
289,"Dodson, Bartlett and Chang",2023-06-29,4230
290,Campbell-Sullivan,2023-01-10,4924
291,"Tanner, Castaneda and Rose",2024-01-10,4945
292,"Quinn, Gutierrez and Johnson",2024-10-07,4243
293,Richard-Green,2024-03-27,3185
294,Benson-Bautista,2023-04-20,433
295,"Haas, Valenzuela and Fritz",2023-05-05,3438
296,"Walters, Holloway and Weeks",2024-03-07,3106
297,Wood Ltd,2024-12-19,62
298,"Duke, Dawson and Cline",2023-10-28,4183
299,Robertson-Morse,2024-10-13,891
300,Anderson-Jacobs,2023-04-13,3707
301,Douglas LLC,2024-09-14,3922
302,Flores LLC,2023-03-11,2973
303,Brown LLC,2023-04-20,1340
304,"Hall, Villegas and Williams",2023-08-12,4495
305,Smith-Miller,2023-08-12,2861
306,Gonzales-Chambers,2024-12-31,2379
307,"Rose, Newton and Jensen",2024-09-22,4859
308,Fritz PLC,2023-08-02,2083
309,Mclean Group,2024-07-01,778
310,Lewis-Reyes,2023-12-09,1407
311,"Williams, Huang and Olson",2023-12-23,3758
312,Fischer-Wilson,2024-03-14,2758
313,Schaefer Group,2023-09-13,1747
314,"Butler, Matthews and Diaz",2024-10-28,3568
315,"Underwood, Delacruz and Hill",2024-04-26,2125
316,"Pacheco, Porter and Powell",2024-02-08,2422
317,Miller-Diaz,2023-02-11,53
318,"Young, Hatfield and Rush",2024-01-23,4354
319,Dean Inc,2023-01-29,2180
320,Sullivan-Ware,2024-11-25,1735
321,Wilkinson-Conway,2023-07-22,3467
322,Garza-Colon,2024-07-14,4691
323,Baker Inc,2023-11-23,928
324,"Hunter, Williams and Cantu",2023-02-23,4345
325,"Robinson, Daniel and Walker",2024-05-04,4017
326,"Ryan, Curtis and Underwood",2024-02-21,4750
327,Barnes-Todd,2023-12-26,1447
328,"Combs, Mueller and Johnson",2024-07-02,2700
329,Lee Ltd,2023-07-24,340
330,"Graham, Hopkins and Wade",2023-10-07,2422
331,Contreras-Franco,2023-02-24,4981
332,Perry Ltd,2023-08-11,3947
333,Sims Group,2023-04-18,2564
334,Hoffman Ltd,2024-12-18,3340
335,Mack-Phelps,2024-11-14,4000
336,Cohen Ltd,2024-08-24,1381
337,Simmons-Rosales,2024-05-23,4943
338,Woods-Trevino,2023-01-06,2356
339,Haas-Barker,2024-05-21,3939
340,Phillips-Watts,2023-06-20,602
341,Brooks-Miller,2023-09-25,1672
342,Montes Group,2023-07-12,2780
343,Greene PLC,2023-06-29,3766
344,Hughes Inc,2023-03-11,2539
345,Gonzalez-Ford,2023-01-30,639
346,Joseph-Richardson,2023-04-29,2686
347,Roberts Group,2024-12-17,4076
348,"Allen, Brown and Allen",2024-05-24,4803
349,Yang PLC,2024-04-04,1375
350,"Cox, Farrell and Bradley",2024-09-29,1727
351,Gomez Inc,2024-04-02,657
352,Michael and Sons,2024-07-20,2963
353,Young Ltd,2023-02-08,4914
354,"Morton, Hudson and Sanders",2023-09-19,2876
355,Weber Ltd,2023-07-03,580
356,"Decker, Fuentes and Haynes",2024-06-03,160
357,Fisher and Sons,2024-06-11,3573
358,"Wood, Kim and Chen",2024-01-21,1490
359,Wilson-Scott,2024-07-29,2896
360,"Phillips, Weaver and Spears",2023-09-10,3929
361,"Ballard, Bell and Powers",2023-01-11,2546
362,Martinez PLC,2024-08-22,464
363,Dillon-Davis,2023-07-30,2390
364,Davis and Sons,2024-05-30,508
365,Jackson Inc,2024-10-04,1308
366,Chavez-Bailey,2023-12-26,1022
367,Casey LLC,2023-03-09,2623
368,"Henderson, Waters and Duran",2024-03-02,2934
369,"Martinez, Taylor and Rubio",2023-01-09,2943
370,"Hull, Ray and Haynes",2024-06-20,4792
371,Wilson-Garcia,2024-07-30,3394
372,"Williams, Smith and Simmons",2024-09-07,2844
373,Dorsey-Gomez,2023-03-07,666
374,Day PLC,2024-11-25,3644
375,Gibson Ltd,2023-06-22,768
376,Henderson-Branch,2023-01-22,2231
377,Cochran Ltd,2023-02-11,384
378,"Williams, Thompson and King",2023-07-23,4121
379,Dickerson-Orr,2023-06-04,1338
380,"Ballard, Yang and Riley",2024-06-06,2086
381,Mcguire-Brooks,2024-04-06,4398
382,"Anderson, Dickson and Perry",2023-03-19,4043
383,Hughes Ltd,2023-04-14,4060
384,Sparks-Gordon,2023-10-05,1393
385,Blair-Swanson,2024-10-10,2148
386,"Bell, Shaw and Nelson",2024-12-19,1412
387,"Diaz, Brooks and Thompson",2023-02-26,2707
388,"Ortega, Miller and Chapman",2023-12-05,1816
389,Perkins LLC,2023-10-01,4151
390,Deleon-Morse,2024-11-10,2632
391,Woods Ltd,2024-11-15,2175
392,Mcintosh LLC,2024-03-08,4052
393,Cabrera-Mckenzie,2024-09-01,3393
394,"Hanson, Jones and Hardy",2024-01-26,3468
395,Hart-Brown,2023-12-08,4249
396,Wright-Hood,2023-09-17,1173
397,"Jones, Whitaker and Hall",2024-11-15,226
398,Drake and Sons,2023-06-23,4934
399,Hopkins Inc,2024-12-24,2740
400,Woods Ltd,2023-07-14,1334
401,Mccall-Scott,2024-03-16,419
402,Wiley-Wood,2023-09-29,4611
403,Baker-Marquez,2023-11-03,4385
404,Reid-Scott,2023-11-04,2249
405,Lawrence-Nguyen,2024-10-10,4969
406,Mcdaniel Group,2024-08-17,2715
407,Campbell PLC,2024-07-09,2817
408,Wright-Mcconnell,2023-07-26,168
409,"Norman, Hall and Jackson",2023-04-27,1699
410,Hopkins-Shea,2023-01-05,1319
411,Parks-Jackson,2024-05-13,3083
412,Lopez Group,2024-09-17,2405
413,Evans and Sons,2023-10-28,1995
414,Moore LLC,2024-02-29,2179
415,"Robinson, Mendoza and Stone",2023-03-31,4700
416,Harris Ltd,2023-01-28,3386
417,Gonzalez-Hernandez,2024-06-27,111
418,Cole-Carter,2023-08-05,247
419,"Ayers, Martinez and Henderson",2023-03-12,4508
420,"White, Evans and Steele",2023-01-30,2621
421,"Hawkins, Smith and Lucas",2023-09-13,4546
422,"Harper, Mclean and Hunt",2024-11-01,1986
423,Ruiz Ltd,2024-01-31,1445
424,Smith and Sons,2024-06-04,1480
425,"Sheppard, Phillips and Cox",2023-11-19,2792
426,"Boyer, May and Ochoa",2024-01-05,4221
427,Sherman Ltd,2023-06-05,2989
428,Gallegos and Sons,2023-08-02,2308
429,Ramos-White,2024-10-27,535
430,Garcia Ltd,2023-03-24,80
431,Rhodes Ltd,2024-02-09,4368
432,Harris Inc,2024-09-04,3637
433,"Williams, Griffin and Bradley",2023-01-10,402
434,Reyes-Powell,2023-10-07,3125
435,White Group,2023-10-08,4368
436,Mitchell-Wilson,2024-11-22,896
437,"Wade, Harrell and Kennedy",2023-03-31,3764
438,Robbins Group,2023-05-09,4467
439,"Freeman, Jackson and Bond",2023-11-05,3897
440,Davis Inc,2024-04-29,2760
441,Moore-Becker,2023-04-17,2240
442,Hernandez Inc,2024-05-19,980
443,Delgado PLC,2023-10-10,3095
444,Trevino and Sons,2023-04-17,1576
445,Gonzalez Ltd,2023-06-04,3982
446,Cantu Group,2023-08-20,1360
447,Hines-Clark,2024-03-24,1554
448,Swanson Ltd,2024-01-15,2536
449,Hall-Alexander,2023-11-29,1188
450,Chen-Martin,2024-08-18,4068
451,Lane Ltd,2023-03-17,1384
452,"Williams, Smith and Rodriguez",2023-09-18,3241
453,Chen-Gallagher,2023-12-03,2396
454,"Galvan, Boyd and Martinez",2023-08-18,4862
455,Castaneda Group,2023-08-09,3284
456,"Thompson, Holmes and Tran",2024-11-23,1909
457,"Hamilton, Jennings and Meadows",2024-02-02,2625
458,"Pope, Anderson and Owens",2024-12-14,2578
459,"Gill, Hayes and Gould",2024-02-16,3162
460,Greene-Cochran,2024-09-21,1038
461,Robertson-Carter,2024-09-20,19
462,Collins LLC,2024-02-05,621
463,Velazquez-Smith,2024-12-09,3612
464,Green Inc,2024-12-06,3932
465,Herring-Levy,2024-05-12,1514
466,"Mason, Adams and Tyler",2024-09-07,2385
467,"Kelly, Espinoza and Collier",2023-06-23,2334
468,Wallace Group,2023-10-28,4350
469,Perry Group,2023-04-13,2645
470,"Potts, Navarro and Brown",2024-06-04,3557
471,Fletcher-Fischer,2023-06-13,1302
472,"Davis, Martin and Ward",2023-01-05,3407
473,"Lee, Anderson and Anderson",2024-08-23,3282
474,Jordan-Moore,2023-06-27,638
475,Ross Ltd,2023-01-27,1264
476,Hansen LLC,2024-11-17,919
477,Griffith-Contreras,2023-06-10,4916
478,Haynes Inc,2023-04-25,681
479,"Jimenez, Campbell and Cook",2024-01-13,2864
480,"Walton, Porter and Lane",2023-04-07,4933
481,"Vaughn, Kim and Armstrong",2024-11-08,473
482,Velasquez-Macdonald,2023-05-16,1793
483,"Hansen, Sims and Schneider",2024-01-23,2744
484,Crosby LLC,2023-06-13,4325
485,"Aguilar, Bennett and Duncan",2024-02-19,3480
486,Morris-Hess,2024-12-14,3471
487,Taylor Group,2024-11-11,1708
488,Nelson Group,2023-05-16,3665
489,Gonzalez-Lopez,2023-06-07,4145
490,Combs-Hernandez,2024-02-02,4823
491,"Holt, Gallegos and Baker",2024-01-01,3012
492,Bailey-Taylor,2023-10-29,3167
493,Hunter-Willis,2023-12-15,2166
494,"Scott, Huang and Rivera",2024-01-29,4706
495,Mills Group,2023-11-20,1098
496,Hess LLC,2023-02-19,4133
497,Kerr-Jordan,2023-11-20,3402
498,"Martinez, Cruz and Williams",2024-05-28,1450
499,Bell Group,2024-04-07,4283
500,"Williams, Herring and Brown",2023-03-16,2507
501,Shaw-Welch,2024-05-15,3039
502,Rivera and Sons,2024-12-27,778
503,"Weaver, Turner and Webb",2023-07-07,1333
504,Walker LLC,2023-05-09,1450
505,"Stone, Savage and Estes",2024-05-07,3464
506,Lewis Ltd,2023-04-07,2900
507,"Davis, Barrett and Cisneros",2023-12-31,4504
508,Lee and Sons,2024-05-15,4167
509,Hernandez Ltd,2023-06-14,2197
510,Clark PLC,2023-06-26,1461
511,"Chandler, Ray and Medina",2024-09-20,3871
512,Jones-Sims,2024-12-22,1381
513,Taylor-Howard,2023-09-30,2957
514,Wilson-Sims,2023-11-23,1329
515,Meyer-Anderson,2024-02-03,1140
516,"Simpson, Horn and Dixon",2024-07-16,4817
517,Lopez Inc,2024-02-15,3123
518,Morgan Ltd,2023-03-05,1096
519,Meyer-Hines,2024-03-22,3995
520,"Gonzalez, Green and Parker",2023-12-07,1664
521,Sims Ltd,2023-08-17,2809
522,"Silva, Stewart and Velazquez",2024-05-19,2874
523,Taylor-Trujillo,2024-09-20,4239
524,Marquez-Edwards,2023-09-07,1191
525,Mays Group,2023-03-11,3142
526,"Rodriguez, Jones and Campbell",2024-05-26,3592
527,Bates Inc,2023-12-11,1187
528,Perry-Strickland,2024-06-30,1599
529,Santiago Ltd,2023-09-30,3359
530,Sanchez and Sons,2024-07-09,3325
531,Powell Inc,2023-12-11,706
532,"Hutchinson, Richmond and Silva",2024-04-04,3881
533,Jackson LLC,2023-04-17,4353
534,Mclean-Campbell,2024-05-02,2890
535,Wong-Green,2023-02-13,1530
536,"Neal, Porter and Aguilar",2024-05-16,4716
537,"Davis, Henderson and Jackson",2024-02-29,3964
538,Murray-Spence,2023-02-18,1849
539,Sampson-Peterson,2023-03-01,3577
540,Johnson Inc,2023-09-15,1547
541,Davis Ltd,2024-07-30,3802
542,"Davis, Ross and Miller",2023-04-24,2607
543,Owen-Moore,2023-12-15,4034
544,Maldonado Inc,2024-02-02,345
545,Smith-Maynard,2024-11-04,2427
546,"Brown, Lara and Rivera",2024-04-14,4228
547,"Cline, Dunn and Watts",2024-11-06,1235
548,"Brown, Stone and Walters",2023-01-15,4813
549,"Warren, Woods and Byrd",2024-07-02,1619
550,"Campbell, Stone and Gibbs",2023-05-18,4173
551,Chapman-Bates,2023-09-22,1164
552,Gardner Inc,2024-07-11,3200
553,Braun LLC,2024-09-09,754
554,"Jackson, Flores and Horton",2023-03-22,1591
555,Carter-Crane,2023-10-30,4163
556,Holland-Clay,2023-10-01,4568
557,Bell and Sons,2023-04-23,4247
558,Singh Ltd,2024-02-13,4100
559,Munoz-Williams,2024-12-20,3090
560,Duncan-Jones,2023-12-31,2572
561,Watkins Ltd,2023-08-29,4352
562,"Martin, Morgan and Newman",2023-03-30,3107
563,"Adams, Johnson and Nelson",2024-11-25,4686
564,Brown-Lin,2023-09-29,1887
565,"Turner, Bright and Johnson",2023-09-12,4419
566,Richard PLC,2024-05-03,4549
567,Turner Group,2023-09-02,3904
568,"Lopez, Guerrero and Sanchez",2023-04-09,2909
569,Valenzuela-Bennett,2024-07-24,4455
570,Casey-Young,2023-03-14,4129
571,"Garcia, Collins and Brown",2024-09-15,1352
572,Weaver PLC,2024-11-07,436
573,"George, Fox and Reese",2023-10-15,3491
574,Harrell-Vaughan,2023-07-30,3988
575,"Cox, Williams and Gonzalez",2024-06-17,4945
576,"Miller, Liu and Campbell",2023-03-24,2861
577,"Jones, Fritz and Fitzgerald",2023-08-30,4173
578,"Riddle, Richards and Holder",2023-01-12,1074
579,Maldonado-Haas,2024-05-31,2490
580,Crawford LLC,2023-04-26,670
581,"Williams, Dean and Miranda",2023-12-13,463
582,Chavez-Rios,2023-01-20,377
583,Campbell and Sons,2024-12-01,2594
584,Saunders-Thompson,2023-05-16,436
585,Leon Ltd,2024-03-21,1021
586,Olson-Pittman,2024-03-13,724
587,"Garcia, Mccoy and Brandt",2024-07-23,2940
588,Ruiz-Vazquez,2023-06-22,2203
589,Brown Inc,2024-12-05,4365
590,Avila-Barron,2024-05-31,3624
591,Green-Williamson,2023-06-08,2208
592,"Carpenter, Nelson and Barrett",2024-02-09,4216
593,Weber-Thomas,2024-05-26,3386
594,Perez-Chang,2024-10-13,2094
595,Nash and Sons,2023-01-04,2517
596,"Jennings, Mullen and Ortega",2024-08-09,3454
597,Gomez-Jones,2023-04-14,2670
598,"Collins, Robinson and Swanson",2024-01-08,4027
599,"Lopez, Perez and Henderson",2024-10-10,1145
600,"Rogers, Flores and Williams",2023-10-09,3009
601,"White, Anderson and Anderson",2023-10-10,1313
602,Boone Group,2024-04-21,2560
603,Phillips-Roberts,2023-08-23,3630
604,"Hurley, Flynn and Wells",2024-12-02,4662
605,Schmidt-Sanchez,2023-06-27,1028
606,Castillo LLC,2023-12-04,4087
607,Clay PLC,2024-05-16,1937
608,Costa LLC,2023-08-10,4848
609,Mcneil Ltd,2024-03-31,1616
610,Lambert-Arnold,2024-12-26,4297
611,Miller and Sons,2024-12-25,4352
612,"Blair, Fisher and Morse",2023-12-25,199
613,Mcdonald-Nolan,2024-02-14,2121
614,Cooper LLC,2024-08-27,951
615,Wong-Jones,2024-07-11,2736
616,"Meyer, Torres and Sharp",2024-04-06,2267
617,Green Group,2023-07-10,1760
618,Murray LLC,2023-05-25,1457
619,Bishop LLC,2023-12-10,407
620,"Dixon, White and Wilson",2024-09-07,795
621,Ross-Keller,2024-07-29,2841
622,Atkins-King,2023-06-06,1117
623,Norton and Sons,2023-11-04,1104
624,"Rogers, Gibson and Hays",2023-05-08,4188
625,Mills-Jones,2023-01-24,2580
626,Reyes-Bishop,2023-05-05,2131
627,Anderson-Coleman,2023-06-24,4506
628,Kelley-Nguyen,2023-04-11,2492
629,Sanford Group,2023-02-20,2178
630,Johns-Baldwin,2023-09-15,4867
631,"George, Anderson and Ramirez",2024-10-22,3943
632,Cummings-Estrada,2023-06-17,4280
633,"Moore, Payne and Hill",2023-04-15,2713
634,Howard-Wong,2024-08-03,365
635,Lang-Ross,2023-02-04,196
636,Robinson PLC,2024-03-03,4306
637,"Fox, Pena and Bean",2024-11-05,4231
638,"Fox, Reynolds and Smith",2023-12-05,4690
639,"Brandt, Harrison and Oliver",2024-12-20,3655
640,Wilkerson-Romero,2023-06-02,4600
641,Potts-Thompson,2024-05-20,4573
642,Koch-Ray,2023-03-21,4540
643,Perez-May,2023-01-31,2732
644,Long-Powell,2023-08-13,2171
645,Trujillo-Smith,2023-07-28,1986
646,Ward-Bolton,2023-06-29,2542
647,Fisher Inc,2024-02-23,3991
648,Robinson Group,2024-05-11,4486
649,Thornton-Price,2023-11-01,2111
650,Aguilar-Robertson,2024-10-17,3966
651,Friedman-Park,2023-11-10,3481
652,"Reyes, Ramirez and Miller",2023-11-30,2568
653,Lee LLC,2023-03-05,4341
654,Baker Ltd,2023-11-04,4380
655,Herrera LLC,2023-02-09,3893
656,"Castillo, Medina and Williams",2023-08-31,1912
657,Rodriguez-Stevenson,2023-12-27,711
658,Hale Ltd,2023-09-02,4091
659,"Weiss, Davidson and Torres",2024-08-31,1591
660,"Anthony, Murphy and Bradley",2023-05-25,4751
661,"Rodriguez, Webb and Evans",2024-07-21,1341
662,"Sims, Osborne and Green",2023-01-30,822
663,"Williams, Martin and Harrison",2024-09-11,2245
664,"Gray, Pierce and Jordan",2024-12-26,4381
665,"Ibarra, Ortega and Alvarez",2024-03-03,1617
666,King Inc,2024-01-17,3181
667,Moore Ltd,2024-03-28,3867
668,"Fox, Le and Moore",2024-09-07,4211
669,Haas Inc,2023-06-30,753
670,Hernandez-Shaw,2024-05-12,1932
671,Torres-Hanna,2024-09-30,2554
672,Miller-Schneider,2023-07-17,331
673,"Hammond, Hall and Rowland",2023-12-09,3044
674,Jones-Berger,2023-02-02,4050
675,"Lane, Collins and Moore",2023-11-30,667
676,Howell-Martinez,2023-08-22,3387
677,"Edwards, Stokes and Ramos",2024-07-01,4678
678,"Carter, Romero and Davis",2024-06-13,691
679,Henderson LLC,2024-03-03,1704
680,"Hernandez, Miller and Evans",2023-09-23,3078
681,Dean Group,2023-10-22,4867
682,"Kaiser, Manning and Frederick",2024-03-15,4378
683,Henry-Baker,2024-07-14,2338
684,Taylor-Howard,2024-07-23,2253
685,Wilson Group,2023-11-28,2952
686,Taylor-Velez,2023-05-31,2380
687,Larson LLC,2024-10-08,1257
688,Boyer-Gonzalez,2023-10-28,32
689,"Estrada, Henry and Morton",2023-12-11,192
690,Green-Schwartz,2023-11-07,4503
691,"Gonzalez, Ward and Huber",2024-09-27,2651
692,Peterson PLC,2023-07-02,2083
693,Williams and Sons,2024-12-17,3970
694,Lee Group,2023-05-27,2380
695,Bullock Inc,2024-09-12,4113
696,Humphrey-Fleming,2023-05-30,854
697,"Reid, Richards and Daniels",2023-09-24,2057
698,Smith and Sons,2024-05-04,1302
699,Jones-Gonzales,2023-05-11,1828
700,"Lewis, White and Johnson",2023-05-27,4263
701,"Lloyd, Williams and Owen",2024-08-25,1617
702,Lopez Ltd,2024-01-10,4123
703,Terrell LLC,2024-04-29,118
704,"Thomas, Stephens and Thompson",2024-05-18,2787
705,Randall PLC,2024-05-18,2400
706,"Jenkins, Malone and Hall",2023-08-07,1297
707,Wyatt-Duran,2024-05-09,317
708,Castro-Bruce,2024-06-29,3601
709,Macdonald-Chan,2023-01-11,1720
710,"Smith, Bishop and Williams",2023-09-18,1072
711,Lewis-Richardson,2023-03-12,1040
712,"Brown, Heath and Perry",2023-06-13,1494
713,"Poole, Matthews and Martin",2023-09-18,3777
714,Farley LLC,2024-11-26,1307
715,Garcia and Sons,2024-10-06,2062
716,Kim-Carter,2024-02-15,1372
717,"Romero, Wright and Gray",2024-02-20,367
718,Jackson-Smith,2023-12-11,4324
719,Kline-Reid,2023-08-22,1652
720,"Medina, Delgado and Ramirez",2023-01-15,3445
721,Mcclain-Gallagher,2024-09-08,3890
722,"Velazquez, Clark and Ramsey",2023-12-20,736
723,Obrien-Brown,2024-04-27,3613
724,Baxter-Fuentes,2024-03-13,4049
725,Zuniga Group,2023-01-20,3477
726,"Harris, Miller and Montgomery",2024-04-16,3132
727,Williams and Sons,2023-06-11,867
728,Wilson Inc,2024-09-30,660
729,"Campos, Hooper and Lopez",2023-02-03,3124
730,Williams-Floyd,2023-04-25,1860
731,Bell Ltd,2024-03-05,2366
732,Combs Group,2024-12-31,3733
733,Carlson-Brown,2023-01-21,4712
734,Bonilla-Campbell,2023-06-16,489
735,Roberts-Fleming,2023-10-23,4747
736,"Evans, Duncan and Wilson",2023-06-21,1980
737,"Sanchez, Martin and Hamilton",2023-06-13,2732
738,Bell LLC,2023-08-05,2172
739,Johnson-Mcgee,2023-07-18,706
740,Doyle-Mendoza,2023-02-19,4555
741,Lowe-Moreno,2024-05-12,4773
742,Rodriguez and Sons,2024-03-17,3999
743,"Daniel, Bishop and Oliver",2023-11-26,1412
744,Klein-Maldonado,2023-11-26,2694
745,Mcmillan Group,2023-10-21,178
746,"White, Graham and Davis",2023-10-07,1359
747,Marshall-Stevens,2023-12-30,4632
748,"Moore, Conway and Clark",2024-07-24,3602
749,Conner PLC,2023-06-22,3933
750,Morris LLC,2023-06-03,1696
751,Ryan-Jordan,2024-12-31,3294
752,Long-Wright,2024-05-06,1638
753,"Matthews, Harris and Wright",2024-08-17,2906
754,"Ferguson, Brown and House",2023-09-24,2376
755,Mcneil Group,2024-10-01,4697
756,Alvarado-Winters,2024-11-28,4766
757,"Christensen, Kirby and Morales",2024-02-22,3486
758,Ferrell LLC,2023-09-29,2820
759,Salazar-Harris,2024-03-18,4919
760,Mathis Inc,2024-05-27,2337
761,"Roberts, Butler and Higgins",2024-02-16,3421
762,"Grimes, Butler and Anthony",2023-01-15,1090
763,"Leonard, Barry and Webb",2023-03-21,2162
764,Hudson-Griffin,2024-11-16,3925
765,Andrews PLC,2024-06-27,1828
766,Knapp LLC,2024-07-04,1620
767,"Brown, Wheeler and Scott",2024-12-05,2324
768,Ruiz Ltd,2023-08-28,2933
769,Smith-Stevens,2024-08-07,786
770,Hayes Inc,2024-08-27,3937
771,Taylor Ltd,2023-03-30,2962
772,"Robinson, Stewart and Alexander",2023-09-11,3059
773,Miller-Vaughn,2023-05-19,3663
774,"Cowan, Caldwell and Williams",2024-12-10,3715
775,Gregory LLC,2023-10-17,4851
776,"Orr, Mccarthy and Johnson",2023-11-02,4576
777,"Smith, Hanson and Odom",2023-06-21,3498
778,"Haynes, King and Green",2024-06-09,17
779,Hatfield-Matthews,2023-11-24,4143
780,"Davies, Brown and Abbott",2023-06-02,4488
781,Nguyen-Jones,2024-12-08,1064
782,Waters-Thomas,2023-06-27,916
783,"Murray, Medina and Mullins",2024-08-29,3916
784,"Phillips, Dillon and Thomas",2024-02-20,1692
785,Sullivan Group,2023-11-07,284
786,Carroll Ltd,2024-08-12,3006
787,Newton-Joseph,2023-09-01,3402
788,"Berger, Terry and Garrett",2024-02-13,1750
789,Barajas-Jensen,2023-08-08,1378
790,Martinez PLC,2024-12-19,1833
791,"Barrett, Ramirez and Williams",2024-03-11,4847
792,Morrison Inc,2023-07-03,3126
793,"Martinez, Reed and Clark",2024-09-18,3854
794,Roman-Phillips,2023-05-04,3377
795,Kramer-Travis,2023-08-26,2367
796,Larsen and Sons,2024-09-11,4817
797,Scott-Scott,2024-02-10,1069
798,Gutierrez-Lam,2024-07-12,2410
799,Moss PLC,2023-07-17,4103
800,Rowe Ltd,2024-07-16,4056
801,Davis and Sons,2024-12-06,3261
802,Young LLC,2024-08-04,2503
803,Miller-Sanchez,2023-03-28,4638
804,Graham and Sons,2023-03-16,369
805,"Boone, Johnson and Richard",2024-12-05,4775
806,Hill-Perkins,2023-11-29,2434
807,Aguilar-Hernandez,2024-03-06,4779
808,"Obrien, Ritter and Koch",2024-01-05,396
809,"Carpenter, Wilson and Rosario",2023-02-13,540
810,Bernard-Ray,2023-10-24,2668
811,Cervantes Inc,2024-04-10,1171
812,Fox-Powers,2023-09-07,1308
813,"Bryant, Kramer and Thomas",2024-02-26,3676
814,Pham and Sons,2024-04-17,1531
815,"Richardson, Massey and Contreras",2023-09-30,1498
816,Smith-Jackson,2023-06-22,3814
817,Lester LLC,2023-08-24,2758
818,Morgan Inc,2023-02-15,4672
819,"Smith, Thompson and Rodriguez",2024-01-27,2907
820,Adams-Villanueva,2024-10-16,885
821,Lopez-Bond,2023-08-21,503
822,Ward Group,2024-02-21,2985
823,"Sosa, Marshall and Anthony",2023-09-23,4146
824,Martinez-Ho,2023-07-09,3594
825,"West, Rojas and Williams",2023-07-02,1994
826,"Hernandez, Carr and Roach",2023-12-23,225
827,"Hodges, Carter and Mays",2024-12-03,2130
828,"Young, Boyd and Ali",2023-05-19,2230
829,"Davis, Mason and Floyd",2024-06-30,522
830,Garcia-Ellis,2024-05-19,4999
831,Johnson-Hawkins,2024-04-26,3432
832,"Alexander, Garcia and Dorsey",2023-12-18,2976
833,Perez and Sons,2023-12-08,4331
834,Cruz-Ramos,2024-10-05,1491
835,"Lambert, Benton and Nichols",2023-03-14,4843
836,George-Roberts,2023-06-12,2594
837,Lopez Ltd,2023-08-11,4139
838,Jackson Inc,2023-07-04,4478
839,Fox LLC,2023-04-05,1157
840,Garcia-Cook,2024-11-14,4499
841,"Zavala, Green and Marshall",2023-11-05,3442
842,Mcknight-Robinson,2023-05-28,4150
843,Paul and Sons,2023-11-15,654
844,Roberts Ltd,2023-06-28,2609
845,Carlson LLC,2024-10-15,4875
846,Klein-Parker,2023-10-18,159
847,Townsend-Delgado,2024-09-13,138
848,Wright Inc,2024-05-11,533
849,Boone PLC,2023-10-28,4993
850,Davis Group,2023-06-10,3374
851,"Taylor, Griffin and Carr",2023-03-02,715
852,"May, West and Roberts",2023-03-13,3691
853,Ruiz PLC,2024-03-12,3146
854,"Rivas, Jones and Kent",2024-04-26,2325
855,Jordan-Davis,2023-04-25,421
856,"Miller, Sanchez and Peters",2023-07-25,3045
857,Webb-Olson,2023-11-30,2105
858,"Gentry, Nelson and Peterson",2023-11-02,4665
859,Nguyen Ltd,2024-07-07,4165
860,"Smith, Petty and Moore",2024-06-15,3270
861,Aguilar Inc,2024-08-26,1176
862,Bentley Ltd,2024-08-02,720
863,"Sullivan, Daniels and Barber",2023-05-15,4284
864,Herman-Roy,2024-07-31,1687
865,Brown LLC,2023-05-31,3119
866,Guerra-Bridges,2024-07-01,3572
867,Murphy and Sons,2023-05-20,180
868,Yang-Yates,2024-02-11,1773
869,Adams-Buck,2024-05-04,8
870,"Hall, Davis and Rodriguez",2023-07-24,4256
871,Thomas-Wright,2023-10-22,2518
872,"Shepherd, Roberts and Williams",2024-08-04,4101
873,Cardenas-Fisher,2024-11-01,2888
874,"Brown, Moss and Johnson",2023-07-03,4477
875,Chambers-Miller,2023-01-18,2003
876,"Lee, Wilson and Baker",2024-01-18,3756
877,Adams LLC,2024-07-24,973
878,"Robertson, Williams and Vargas",2024-09-12,4400
879,"Solis, Dennis and Alvarez",2024-10-04,2821
880,Rowland-Adams,2024-06-25,3036
881,Villa PLC,2024-05-22,3743
882,"Howard, Morales and Santos",2023-07-11,4368
883,Jones-Ryan,2023-07-17,4219
884,Rodriguez-Jackson,2023-08-30,4607
885,Walker-Henderson,2023-04-01,2327
886,"Gordon, Hernandez and Lambert",2023-01-02,3439
887,Young PLC,2024-08-31,2839
888,"Taylor, Garcia and Perez",2024-04-09,4816
889,"Savage, Cox and Baldwin",2023-10-12,1874
890,Thomas-Monroe,2023-01-04,397
891,Garcia-Elliott,2023-08-26,2349
892,Brown Ltd,2024-07-05,3466
893,"Ramsey, Stewart and Monroe",2024-03-14,4699
894,Williams-Haas,2024-01-25,4312
895,Morgan Group,2023-11-25,1
896,"Norton, Cruz and Gonzalez",2023-08-29,1195
897,Walton Ltd,2024-09-06,3041
898,"Reynolds, Watson and Woods",2024-05-09,1100
899,"Anderson, Hodge and Hart",2023-03-02,3552
900,Rowe-Martinez,2023-03-03,2672
901,Pena-Mcconnell,2024-03-27,762
902,"Turner, Donovan and Hernandez",2023-10-04,4363
903,Thomas-Winters,2023-06-08,96
904,"Rosales, Weaver and Cox",2023-08-27,4017
905,Jackson-Cook,2023-02-12,2801
906,Howard-Dickson,2024-02-17,1574
907,Curry and Sons,2024-03-14,4408
908,Brown-Johnson,2023-11-10,267
909,Carrillo LLC,2023-06-01,3665
910,"Wallace, Kaufman and Peterson",2023-03-21,1122
911,"Stevenson, Hansen and Bennett",2023-05-17,2605
912,Peterson LLC,2024-12-25,3206
913,Bell-Gomez,2024-03-25,4651
914,Stephenson-Stone,2024-01-21,1118
915,Quinn Inc,2024-11-07,3252
916,Alvarez-Lewis,2024-01-18,1895
917,"Mitchell, Riley and Glover",2023-06-14,2304
918,Moreno-Page,2024-12-09,3006
919,Taylor LLC,2023-10-29,2802
920,"Butler, Fritz and Mcneil",2023-02-17,3917
921,West and Sons,2023-05-07,1653
922,"Yoder, Pratt and Jones",2024-01-03,4654
923,Harmon-Terrell,2024-10-09,4777
924,"Mccoy, Morton and Gregory",2023-02-01,2438
925,"Martin, Chen and Robertson",2024-05-21,2774
926,Powell-Murphy,2024-09-04,4833
927,Mendez Inc,2023-03-18,4046
928,"Jordan, Taylor and Castillo",2024-12-07,2096
929,Nelson and Sons,2023-07-20,2659
930,Lewis-Horn,2023-03-09,2843
931,"Simmons, Davis and Miller",2023-01-28,3334
932,Wise-Martinez,2024-02-04,2301
933,Wilkerson Inc,2023-02-26,1727
934,Fisher-Galvan,2023-07-22,513
935,Wright PLC,2024-07-20,796
936,"Rogers, Preston and Dillon",2023-03-24,4960
937,Gray Ltd,2024-09-09,4252
938,"Matthews, Wilson and Bush",2023-09-08,1627
939,Hurley-Allen,2023-12-08,3282
940,Henderson Group,2024-02-27,4420
941,Price Ltd,2024-03-14,1065
942,Curry-Sanchez,2024-02-18,362
943,"Coleman, Thomas and Shaw",2023-05-13,2420
944,Elliott Group,2024-03-04,2999
945,Mcbride-Davidson,2024-12-04,2683
946,Drake Inc,2024-06-27,3734
947,"Jordan, Shaw and Russell",2024-09-01,752
948,"Smith, Barnett and Dominguez",2023-09-25,1337
949,Walker and Sons,2023-04-17,1302
950,"Scott, Walls and Flores",2023-03-07,4418
951,Martinez and Sons,2023-02-21,1961
952,"Chen, Knox and Price",2024-12-11,4651
953,"Davis, Nguyen and Young",2023-10-15,3106
954,"Gallagher, Flores and Ellison",2023-08-20,4210
955,Smith Ltd,2023-06-12,2
956,Salazar Ltd,2023-08-29,750
957,Bowen Ltd,2024-01-25,3080
958,"Orr, Chandler and Valdez",2023-01-22,2849
959,Dunn and Sons,2024-12-29,3602
960,Perkins-Reilly,2024-11-17,4669
961,Roberts PLC,2024-05-07,4179
962,Harrison-Curtis,2024-11-14,1034
963,"Zavala, West and Miller",2024-06-04,434
964,Barnes-Gay,2023-12-28,618
965,"Kelly, Mcdonald and Howard",2023-02-28,790
966,"Mayer, Wells and Walker",2024-04-29,3623
967,"Green, Sanchez and Miller",2024-09-20,2918
968,Thompson-Lee,2023-04-11,4417
969,Pitts-Moses,2023-12-06,798
970,"Steele, Holden and Smith",2024-04-30,1779
971,"Ferrell, Austin and Robles",2024-11-19,2927
972,"Parker, Delacruz and Mendez",2023-01-16,3758
973,Tate Ltd,2024-05-12,3241
974,Myers PLC,2023-05-01,652
975,Berry PLC,2023-08-02,1297
976,"Moore, Barber and Williams",2023-11-26,2754
977,Watts Inc,2023-03-25,4465
978,Miller PLC,2023-06-30,472
979,"Lewis, Hernandez and Guerrero",2024-01-21,4852
980,"Garner, Martinez and Perkins",2023-11-19,1319
981,"Sanchez, Ruiz and Scott",2024-07-07,4975
982,Larson-Brown,2024-03-23,984
983,Moon-Williams,2023-03-14,4744
984,Jackson PLC,2023-09-12,2651
985,"Tucker, Jackson and Allen",2024-11-30,3610
986,"Sellers, Cannon and Poole",2023-10-17,1612
987,Long and Sons,2024-05-14,2595
988,"Wong, Wang and Holmes",2024-08-30,207
989,Bates Group,2024-08-10,4885
990,Lowe-Cole,2023-01-02,3237
991,"Harris, Kim and Ross",2024-01-18,124
992,Rivera Inc,2024-11-20,4369
993,Parker-Moore,2023-04-22,474
994,Higgins Group,2023-07-23,354
995,West LLC,2023-01-26,2145
996,Gomez and Sons,2023-04-18,537
997,Jackson-Mccormick,2024-11-07,1085
998,Cortez Ltd,2024-07-20,1118
999,Curtis-Kelley,2023-10-01,3028
1000,Lane LLC,2024-06-25,962
